"scientific_name","StateNum","slope","lower_CI","upper_CI","Adj_R2","Trend"
"Accipiter atricapillus",83,NA,NA,NA,NA,NA
"Accipiter cooperii",83,0.00278164116828921,-0.0156612962754348,0.0212245786120133,-0.0390804092200963,"Stable"
"Accipiter striatus",83,0.0319812792511692,0.00203389352825704,0.0619286649740813,0.325966371988204,"Stable"
"Actitis macularius",83,NA,NA,NA,NA,NA
"Aechmophorus clarkii",83,NA,NA,NA,NA,NA
"Aechmophorus occidentalis",83,NA,NA,NA,NA,NA
"Aeronautes saxatalis",83,-0.654734219269108,-1.59934141137808,0.28987297283986,0.0688264054734762,"Stable"
"Agelaius phoeniceus",83,-1.67258323305256,-2.26821860142611,-1.076947864679,0.565885905190829,"Decreasing"
"Aimophila ruficeps",83,-0.108202968311272,-0.163612551078786,-0.052793385543758,0.378784942408031,"Decreasing"
"Aix sponsa",83,-0.0108804653028481,-0.0381627572710572,0.0164018266653609,-0.0130685444438221,"Stable"
"Amazilia yucatanensis",83,-0.294625719769679,-0.497037754089654,-0.0922136854497046,0.333892778508866,"Decreasing"
"Amazona viridigenalis",83,NA,NA,NA,NA,NA
"Ammodramus savannarum",83,0.104442438828722,-0.0346012015619401,0.243486079219384,0.0531527197002392,"Stable"
"Ammospiza maritima",83,-0.154760988376572,-0.29080758504043,-0.0187143917127151,0.189261422009718,"Decreasing"
"Amphispiza bilineata",83,-0.332079823505814,-0.564319100791302,-0.099840546220327,0.235694697220413,"Decreasing"
"Anas acuta",83,0.0534759358288772,-0.0777522887334019,0.184704160391156,-0.0151515151515156,"Stable"
"Anas crecca",83,0.073415155950902,-0.176678421080434,0.323508732982238,-0.0476201296005632,"Stable"
"Anas diazi",83,-0.0273817455030012,-0.174371809037983,0.119608318031981,-0.0401853797262308,"Stable"
"Anas fulvigula",83,-0.157691536301646,-0.321305305859543,0.00592223325625152,0.105765994122395,"Stable"
"Anas platyrhynchos",83,-0.161351784997996,-0.324276314224073,0.00157274422808151,0.112777830562164,"Stable"
"Anhinga anhinga",83,-0.0288808664259929,-0.0617450347780765,0.00398330192609065,0.0839023177941717,"Stable"
"Antigone canadensis",83,NA,NA,NA,NA,NA
"Antrostomus arizonae",83,NA,NA,NA,NA,NA
"Antrostomus carolinensis",83,-0.0172984356197352,-0.0423520169955118,0.0077551457560414,0.0395964091613367,"Stable"
"Antrostomus vociferus",83,NA,NA,NA,NA,NA
"Aphelocoma wollweberi",83,0.0645341788678449,-0.198127926152861,0.327196283888551,-0.0423480686210742,"Stable"
"Aphelocoma woodhouseii",83,-0.0805254713196953,-0.126078641417488,-0.034972301221903,0.329953755573074,"Decreasing"
"Aquila chrysaetos",83,0.0231607629427802,-0.0295401107987362,0.0758616366842966,-0.00375416288222796,"Stable"
"Aramus guarauna",83,NA,NA,NA,NA,NA
"Archilochus alexandri",83,-0.0132872041716809,-0.0400491437645492,0.0134747354211873,0.00199788077251328,"Stable"
"Archilochus colubris",83,-0.0126353790613718,-0.0394532909749392,0.0141825328521957,-0.00218110709988051,"Stable"
"Ardea alba",83,-0.0625752105896523,-0.230068602260145,0.104918181080841,-0.0164854954032247,"Stable"
"Ardea herodias",83,-0.0279281989570799,-0.0562986642835377,0.000442266369377886,0.111202897200211,"Stable"
"Arremonops rufivirgatus",83,0.0734556758924984,-0.0646387897633177,0.211550141548314,0.00814289657044176,"Stable"
"Asio flammeus",83,NA,NA,NA,NA,NA
"Asio otus",83,NA,NA,NA,NA,NA
"Athene cunicularia",83,0.134727236261533,0.0356976394386274,0.233756833084439,0.215912514112833,"Increasing"
"Auriparus flaviceps",83,-0.162505014039311,-0.267947019693188,-0.057063008385434,0.267243073445363,"Decreasing"
"Aythya affinis",83,NA,NA,NA,NA,NA
"Aythya americana",83,0.175675675675678,-0.0431590976528279,0.394510449004183,0.107531086891716,"Stable"
"Aythya collaris",83,NA,NA,NA,NA,NA
"Aythya valisineria",83,NA,NA,NA,NA,NA
"Baeolophus atricristatus",83,-0.0673886883273166,-0.162379258887284,0.0276018822326513,0.0437513176323302,"Stable"
"Baeolophus bicolor",83,-0.188678299237867,-0.329235607043229,-0.048120991432506,0.210749587610955,"Decreasing"
"Baeolophus ridgwayi",83,NA,NA,NA,NA,NA
"Baeolophus wollweberi",83,NA,NA,NA,NA,NA
"Bartramia longicauda",83,0.362068965517241,-3.67054866316701,4.39468659420149,-0.395843174303259,"Stable"
"Bombycilla cedrorum",83,NA,NA,NA,NA,NA
"Botaurus lentiginosus",83,0.129220023282889,-0.24008299359892,0.498523040164697,0.296856810244476,"Stable"
"Branta canadensis",83,0.00708676498754371,-0.753400224918478,0.767573754893565,-0.0555330788994179,"Stable"
"Bubo virginianus",83,-0.0165463297232252,-0.0336935890502312,0.000600929603780859,0.106068420147843,"Stable"
"Bubulcus ibis",83,-1.54517649418373,-2.43242623122041,-0.657926757147047,0.322848567629946,"Decreasing"
"Buteo albonotatus",83,0.0023183925811437,-0.0172870594035895,0.0219238445658769,-0.0583431945517776,"Stable"
"Buteo jamaicensis",83,0.00762133975130359,-0.016492775491123,0.0317354549937301,-0.0235206196397535,"Stable"
"Buteo lineatus",83,0.00922583233052548,-0.00785974722671935,0.0263114118877703,0.00958795739180807,"Stable"
"Buteo plagiatus",83,2.1948330626081e-17,2.91345046856645e-18,4.09832107835956e-17,0.00722205269046916,"Stable"
"Buteo platypterus",83,-0.00112563145179031,-0.0282426862963899,0.0259914233928093,-0.0431438341338883,"Stable"
"Buteo regalis",83,0.0300963081861958,-0.0313313579711469,0.0915239743435386,0.00690190100513643,"Stable"
"Buteo swainsoni",83,0.0357501002807862,0.012448929519541,0.0590512710420314,0.265291684732663,"Stable"
"Buteogallus anthracinus",83,NA,NA,NA,NA,NA
"Butorides virescens",83,-0.00621740874448472,-0.0321775962071619,0.0197427787181924,-0.0311688632309899,"Stable"
"Cairina moschata",83,NA,NA,NA,NA,NA
"Calamospiza melanocorys",83,-0.184767348576012,-0.82985555820265,0.460320861050626,-0.0267171037024465,"Stable"
"Calcarius ornatus",83,NA,NA,NA,NA,NA
"Callipepla californica",83,NA,NA,NA,NA,NA
"Callipepla gambelii",83,1.19444444444445,0.697907785544793,1.6909811033441,0.486118819122726,"Increasing"
"Callipepla squamata",83,0.0773666265543524,-0.217183610236744,0.371916863345449,-0.0290658930801113,"Stable"
"Calothorax lucifer",83,0,0,0,NA,"Stable"
"Camptostoma imberbe",83,0.0130280300039505,-0.124764301393628,0.150820361401529,-0.0795156933936505,"Stable"
"Campylorhynchus brunneicapillus",83,-0.223124749298035,-0.37982147126258,-0.0664280273334898,0.233993296457515,"Decreasing"
"Caracara plancus",83,-0.00872442839951899,-0.083896632577861,0.066447775778823,-0.0391822948718312,"Stable"
"Cardellina pusilla",83,NA,NA,NA,NA,NA
"Cardellina rubrifrons",83,NA,NA,NA,NA,NA
"Cardinalis cardinalis",83,0.0277777777777773,-0.145415455040601,0.200971010596156,-0.0369324396753519,"Stable"
"Cardinalis sinuatus",83,-0.0657340553549929,-0.199005642143261,0.0675375314332756,0.00144960102985581,"Stable"
"Cathartes aura",83,-0.0620738066586453,-0.148413116403341,0.0242655030860504,0.0458667904175816,"Stable"
"Catharus fuscescens",83,NA,NA,NA,NA,NA
"Catharus guttatus",83,NA,NA,NA,NA,NA
"Catharus ustulatus",83,NA,NA,NA,NA,NA
"Catherpes mexicanus",83,-0.00310870437224228,-0.0459050750520683,0.0396876663075838,-0.040692052634107,"Stable"
"Centronyx henslowii",83,NA,NA,NA,NA,NA
"Certhia americana",83,NA,NA,NA,NA,NA
"Chaetura pelagica",83,-0.137785800240674,-0.173999526167272,-0.101572074314076,0.708165753844602,"Decreasing"
"Charadrius melodus",83,NA,NA,NA,NA,NA
"Charadrius montanus",83,NA,NA,NA,NA,NA
"Charadrius nivosus",83,-0.0156249999999996,-0.0760272963064522,0.0447772963064529,-0.102500000000003,"Stable"
"Charadrius vociferus",83,-0.139039310068192,-0.183331354759116,-0.094747265377267,0.62107399411973,"Decreasing"
"Charadrius wilsonia",83,0.0333481547354373,-0.0284059889785911,0.0951022984494656,0.0126425200190904,"Stable"
"Chlidonias niger",83,NA,NA,NA,NA,NA
"Chloroceryle americana",83,1.68603022117504e-17,-3.73468299158805e-17,7.10674343393812e-17,0.15632551091454,"Stable"
"Chondestes grammacus",83,-0.0692940232651434,-0.129420480699951,-0.00916756583033589,0.157047518576586,"Decreasing"
"Chondrohierax uncinatus",83,NA,NA,NA,NA,NA
"Chordeiles acutipennis",83,-0.108754512635379,-0.231630718571945,0.0141216933011865,0.0854832567411257,"Stable"
"Chordeiles minor",83,-0.191436020858404,-0.238186747381642,-0.144685294335167,0.73801280896632,"Decreasing"
"Circus hudsonius",83,-0.00527760829774233,-0.042546815597763,0.0319915990022784,-0.0433104725051037,"Stable"
"Cistothorus palustris",83,-0.0633592349073521,-0.179857711238463,0.0531392414237587,0.0190006402068077,"Stable"
"Cistothorus stellaris",83,NA,NA,NA,NA,NA
"Coccothraustes vespertinus",83,NA,NA,NA,NA,NA
"Coccyzus americanus",83,-0.0698455675892499,-0.111738011097752,-0.0279531240807481,0.30247197103786,"Decreasing"
"Coccyzus erythropthalmus",83,NA,NA,NA,NA,NA
"Colaptes auratus",83,0.0219181907022198,-0.052339084322778,0.0961754657272176,-0.0543943188641796,"Stable"
"Colaptes auratus auratus",83,-0.0211091054953871,-0.051106272140733,0.00888806114995888,0.0424898997496014,"Stable"
"Colaptes auratus cafer",83,-0.0386285714285715,-0.0756639987284377,-0.00159314412870529,0.166731797235023,"Stable"
"Colinus virginianus",83,-0.0618231046931403,-0.31958217662222,0.19593596723594,-0.0311384181794947,"Stable"
"Columba livia",83,0.165112314480546,-0.00522287877889982,0.335447507739991,0.107221250543407,"Stable"
"Columbina inca",83,-0.128259125551545,-0.152570172212028,-0.103948078891061,0.824637841045761,"Decreasing"
"Columbina passerina",83,-0.254362214199761,-0.312370722716737,-0.196353705682784,0.763934367592761,"Decreasing"
"Columbina talpacoti",83,NA,NA,NA,NA,NA
"Contopus cooperi",83,NA,NA,NA,NA,NA
"Contopus sordidulus",83,0.00305856397914198,-0.0351227916118354,0.0412399195701193,-0.0404816285395855,"Stable"
"Contopus virens",83,-0.0993782591255516,-0.133785918403614,-0.0649705998474896,0.580074840867559,"Decreasing"
"Coragyps atratus",83,0.173034496590455,0.108543154754533,0.237525838426376,0.542666791660461,"Increasing"
"Corthylio calendula",83,NA,NA,NA,NA,NA
"Corvus brachyrhynchos",83,-0.796730846369839,-1.00215662216567,-0.591305070574013,0.716151708425319,"Decreasing"
"Corvus corax",83,0.00932611311672663,-0.0349982029354526,0.0536504291689059,-0.0335456131099667,"Stable"
"Corvus cryptoleucus",83,-0.09481548335339,-0.175372076756741,-0.0142588899500393,0.163910382293685,"Decreasing"
"Corvus ossifragus",83,-0.0411316810988396,-0.127126113102051,0.0448627509043714,-0.00021603744824894,"Stable"
"Crotophaga sulcirostris",83,-0.0109306056959486,-0.0659468381523995,0.0440856267605024,-0.0344194889242193,"Stable"
"Cyanocitta cristata",83,-0.0799237866024864,-0.148510624988236,-0.0113369482167373,0.160630265250829,"Decreasing"
"Cyanocitta stelleri",83,NA,NA,NA,NA,NA
"Cyanocorax yncas",83,0.0315884476534294,-0.0144914130250138,0.0776683083318727,0.0385264427049495,"Stable"
"Cygnus buccinator",83,NA,NA,NA,NA,NA
"Cyrtonyx montezumae",83,0.0602643856920682,-0.0372339940393416,0.157762765423478,0.0480722360205201,"Stable"
"Dendrocygna autumnalis",83,-0.00867428800641911,-0.228711420222529,0.211362844209691,-0.0413794231928537,"Stable"
"Dendrocygna bicolor",83,0.0349979943842769,-0.372130404515968,0.442126393284522,-0.0403022453038302,"Stable"
"Dolichonyx oryzivorus",83,NA,NA,NA,NA,NA
"Dryobates borealis",83,-0.0413336378168512,-0.147553793356055,0.0648865177223522,-0.0230885300062242,"Stable"
"Dryobates pubescens",83,-0.0153429602888089,-0.0448453532738758,0.014159432696258,0.00604619764609293,"Stable"
"Dryobates scalaris",83,0.0229141596470115,-0.00196050180046993,0.047788821094493,0.094684517691201,"Stable"
"Dryobates villosus",83,0.00877456879261956,-0.0170542339544547,0.0346033715396938,-0.0207577677191113,"Stable"
"Dryocopus pileatus",83,-0.0420176494183718,-0.0652765854219098,-0.0187587134148337,0.340394859077643,"Decreasing"
"Dumetella carolinensis",83,-0.0168033119571397,-0.0669804501700491,0.0333738262557697,-0.0261000337518844,"Stable"
"Egretta caerulea",83,-0.131317689530685,-0.233882844483112,-0.0287525345782594,0.193098124782152,"Decreasing"
"Egretta rufescens",83,-0.0410567654409148,-0.099105269866622,0.0169917389847925,0.047680226922144,"Stable"
"Egretta thula",83,-0.12866024869635,-0.341906301995642,0.0845858046029427,0.0215499000756032,"Stable"
"Egretta tricolor",83,-0.180204572803851,-0.417705070439724,0.057295924832021,0.0549037412111485,"Stable"
"Elanoides forficatus",83,-0.248120300751878,-0.42371219482206,-0.072528406681696,0.479651509726723,"Decreasing"
"Elanus leucurus",83,-0.0176467480319125,-0.0556743534614608,0.0203808573976359,-0.00328038299976918,"Stable"
"Empidonax difficilis occidentalis",83,NA,NA,NA,NA,NA
"Empidonax hammondii",83,NA,NA,NA,NA,NA
"Empidonax minimus",83,NA,NA,NA,NA,NA
"Empidonax oberholseri",83,NA,NA,NA,NA,NA
"Empidonax traillii",83,NA,NA,NA,NA,NA
"Empidonax virescens",83,-0.101083032490975,-0.134862183803552,-0.0673038811783976,0.597713960535282,"Decreasing"
"Empidonax wrightii",83,0,0,0,NA,"Stable"
"Eremophila alpestris",83,0.408594063377458,-0.0291776452580664,0.846365772012982,0.0978240824629025,"Stable"
"Eudocimus albus",83,-1.72157039711192,-2.71425203990358,-0.728888754320255,0.320867836200468,"Decreasing"
"Eugenes fulgens",83,NA,NA,NA,NA,NA
"Euphagus cyanocephalus",83,NA,NA,NA,NA,NA
"Falco femoralis",83,0,0,0,NA,"Stable"
"Falco mexicanus",83,0.01336233685519,-0.0138862770021919,0.0406109507125718,0.0135600881405753,"Stable"
"Falco peregrinus",83,-0.0210325047801154,-0.242394922490116,0.200329912929885,-0.384321223709364,"Stable"
"Falco sparverius",83,-0.00130365022061778,-0.016504924671267,0.0138976242300314,-0.0403086976868565,"Stable"
"Fregata magnificens",83,NA,NA,NA,NA,NA
"Fulica americana",83,-1.16225431207382,-2.96146096278732,0.63695233863969,0.030163090766945,"Stable"
"Gallinago delicata",83,NA,NA,NA,NA,NA
"Gallinula galeata",83,-0.0724528680304846,-0.14587774687927,0.00097201081830095,0.111826170396506,"Stable"
"Gelochelidon nilotica",83,-0.0645306859205787,-0.325705461231598,0.196644089390441,-0.0305010173620364,"Stable"
"Geococcyx californianus",83,0.000952667468913004,-0.0282734593584,0.0301787942962261,-0.0414702616980323,"Stable"
"Geothlypis formosa",83,-0.0576113116726838,-0.099778955914601,-0.0154436674307665,0.217557162875601,"Decreasing"
"Geothlypis tolmiei",83,NA,NA,NA,NA,NA
"Geothlypis trichas",83,-0.0745587645407141,-0.12010754118829,-0.0290099878931384,0.294055483503031,"Decreasing"
"Geranoaetus albicaudatus",83,-0.0506417970316886,-0.0823324225257621,-0.018951171537615,0.283207666425336,"Decreasing"
"Glaucidium brasilianum",83,0,0,0,NA,"Stable"
"Glaucidium gnoma",83,NA,NA,NA,NA,NA
"Gymnorhinus cyanocephalus",83,NA,NA,NA,NA,NA
"Haematopus palliatus",83,-0.0133502860775584,-0.132881852833865,0.106181280678748,-0.0523365779480225,"Stable"
"Haemorhous cassinii",83,NA,NA,NA,NA,NA
"Haemorhous mexicanus",83,-0.228289209787407,-0.331676234820385,-0.12490218475443,0.44157775987599,"Decreasing"
"Haliaeetus leucocephalus",83,0.0218771100607703,-0.0403391170968856,0.0840933372184263,-0.0328144804956374,"Stable"
"Helmitheros vermivorum",83,0.0107971207677951,-0.0522052084138429,0.0737994499494332,-0.0611877425972904,"Stable"
"Himantopus mexicanus",83,-0.101734857601285,-0.287305173979117,0.0838354587765477,0.011086243169623,"Stable"
"Hirundo rustica",83,-0.345667870036104,-0.532989571798837,-0.158346168273371,0.350734122409649,"Decreasing"
"Hydroprogne caspia",83,-0.0775401069518716,-0.431952594948461,0.276872381044718,-0.0357620320855614,"Stable"
"Hylocichla mustelina",83,-0.0171480144404328,-0.0747342431306829,0.0404382142498172,-0.0255266927052296,"Stable"
"Icteria virens",83,-0.183513838748497,-0.249571769950314,-0.117455907546679,0.560438763822699,"Decreasing"
"Icterus bullockii",83,-0.0131367829923788,-0.0539372305551185,0.0276636645703609,-0.0228464723096937,"Stable"
"Icterus cucullatus",83,0.0200561572402728,-0.0380946243707417,0.0782069388512874,-0.0201286971217001,"Stable"
"Icterus galbula",83,0.0093085106382972,-0.0388689324141388,0.0574859536907332,-0.0396262969232954,"Stable"
"Icterus graduacauda",83,0.00386081026875192,-0.0780649803600018,0.0857866008975057,-0.0412562370351588,"Stable"
"Icterus gularis",83,-0.0192750287686997,-0.0705648106249709,0.0320147530875714,0.0971423091676281,"Stable"
"Icterus parisorum",83,-0.0885479342158047,-0.149511379143491,-0.0275844892881182,0.242116092888195,"Decreasing"
"Icterus spurius",83,-0.0447753710389093,-0.0788560153206984,-0.0106947267571201,0.20261734077313,"Decreasing"
"Ictinia mississippiensis",83,-0.0868431608503816,-0.125288638314756,-0.0483976833860073,0.453371361877504,"Decreasing"
"Ixobrychus exilis",83,-0.0290720567003544,-0.108432962661781,0.050288849261072,-0.020213948955573,"Stable"
"Junco hyemalis aikeni",83,NA,NA,NA,NA,NA
"Junco hyemalis caniceps",83,NA,NA,NA,NA,NA
"Lampornis clemenciae",83,0,0,0,NA,"Stable"
"Lanius ludovicianus",83,-0.0353991175290812,-0.0713840227621178,0.000585787703955426,0.111020142812383,"Stable"
"Larus argentatus",83,-0.145251396648045,-0.252748871366423,-0.0377539219296667,0.916201117318436,"Decreasing"
"Larus californicus",83,NA,NA,NA,NA,NA
"Larus delawarensis",83,0.0380487804878027,-0.610214714057912,0.686312275033517,-0.241756097560977,"Stable"
"Laterallus jamaicensis",83,0.0643499591169257,-0.0992586448545634,0.227958563088415,-0.0213280268032707,"Stable"
"Leiothlypis celata",83,NA,NA,NA,NA,NA
"Leiothlypis luciae",83,0.0372236503856039,-0.090946826791056,0.165394127562264,-0.0284953243227124,"Stable"
"Leiothlypis virginiae",83,NA,NA,NA,NA,NA
"Leptotila verreauxi",83,-0.150822302446853,-0.270626055150784,-0.0310185497429219,0.187017847084511,"Decreasing"
"Leucophaeus atricilla",83,-1.58373445647816,-3.73262509407568,0.565156181119369,0.0499256707778609,"Stable"
"Leucophaeus pipixcan",83,NA,NA,NA,NA,NA
"Limnothlypis swainsonii",83,-0.039610910549539,-0.0979702024413433,0.0187483813422654,0.0370687885822659,"Stable"
"Lophodytes cucullatus",83,NA,NA,NA,NA,NA
"Loxia curvirostra",83,NA,NA,NA,NA,NA
"Mareca americana",83,NA,NA,NA,NA,NA
"Mareca strepera",83,-0.00668031462127166,-0.0960997489432446,0.0827391197007013,-0.0809466606450591,"Stable"
"Megaceryle alcyon",83,-0.00772162053750511,-0.0249391004674168,0.00949585939240659,-0.00576299629300148,"Stable"
"Megaceryle torquata",83,0,0,0,NA,"Stable"
"Megascops asio",83,-0.0190284248547346,-0.0375135888678547,-0.000543260841614445,0.128368507694303,"Stable"
"Megascops kennicottii",83,NA,NA,NA,NA,NA
"Melanerpes aurifrons",83,0.0466305655836342,-0.0328096874056494,0.126070818572918,0.0183643770664162,"Stable"
"Melanerpes carolinus",83,-0.0126353790613721,-0.0808458396053274,0.0555750814825831,-0.0353609879525789,"Stable"
"Melanerpes erythrocephalus",83,0.0349478539911755,0.0106866076038365,0.0592091003785146,0.238704583699924,"Stable"
"Melanerpes formicivorus",83,0.0272254227838699,-0.0125184353023636,0.0669692808701033,0.0612315975241394,"Stable"
"Melanerpes lewis",83,NA,NA,NA,NA,NA
"Melanerpes uropygialis",83,NA,NA,NA,NA,NA
"Meleagris gallopavo",83,-0.0554051343762538,-0.11210694771855,0.00129667896604227,0.109276808396845,"Stable"
"Melospiza georgiana",83,NA,NA,NA,NA,NA
"Melospiza lincolnii",83,NA,NA,NA,NA,NA
"Melospiza melodia",83,NA,NA,NA,NA,NA
"Melozone aberti",83,NA,NA,NA,NA,NA
"Melozone fusca",83,-0.123846770958685,-0.165461427235582,-0.0822321146817866,0.594991517374186,"Decreasing"
"Mergus merganser",83,NA,NA,NA,NA,NA
"Micrathene whitneyi",83,0.0218897201440848,-0.0147042998936311,0.0584837401818006,0.0911609864228351,"Stable"
"Mimus polyglottos",83,-0.827517047733656,-1.05231868831182,-0.602715407155492,0.694079984430822,"Decreasing"
"Mniotilta varia",83,-0.00330926594464494,-0.0398187596799625,0.0332002277906726,-0.0401499197753712,"Stable"
"Molothrus aeneus",83,-0.208383473726436,-0.424708024849151,0.00794107739627889,0.105631363922067,"Stable"
"Molothrus ater",83,-0.252958283192942,-0.32540827701735,-0.180508289368534,0.670738734094985,"Decreasing"
"Myadestes townsendi",83,NA,NA,NA,NA,NA
"Mycteria americana",83,0.191082802547769,-0.4429248216223,0.825090426717838,-0.0310380426125787,"Stable"
"Myiarchus cinerascens",83,-0.0106297633373445,-0.0638059237401375,0.0425463970654485,-0.0343310226968847,"Stable"
"Myiarchus crinitus",83,-0.0429703168872845,-0.0663028338598357,-0.0196377999147333,0.3497614963053,"Decreasing"
"Myiarchus tyrannulus",83,0.217559165663859,0.117968477903078,0.317149853424641,0.436021992053013,"Increasing"
"Myiopsitta monachus",83,NA,NA,NA,NA,NA
"Nannopterum auritum",83,0.0942639390292817,-0.0362909565707446,0.224818834629308,0.0465532683069734,"Stable"
"Nannopterum brasilianum",83,-1.05971720818291,-1.64341791840736,-0.476016497958473,0.342802148820659,"Decreasing"
"Numenius americanus",83,-0.099127557160049,-0.51017657695845,0.311921462638352,-0.0310243554881413,"Stable"
"Nyctanassa violacea",83,0.0159947853991176,-0.019665856687807,0.0516554274860422,-0.0057549511379611,"Stable"
"Nycticorax nycticorax",83,-0.00937625350982775,-0.160084811762489,0.141332304742834,-0.040951546835708,"Stable"
"Nyctidromus albicollis",83,0.0132127955493734,-0.0268243055776599,0.0532498966764067,-0.0227537329027458,"Stable"
"Oreoscoptes montanus",83,NA,NA,NA,NA,NA
"Ortalis vetula",83,0.0567678145243781,-0.128785747437855,0.242321376486611,-0.0278072653249108,"Stable"
"Oxyura jamaicensis",83,-1.31437218207647,-4.39911947122104,1.7703751070681,-0.0111119569749836,"Stable"
"Pandion haliaetus",83,-0.0678997892765071,-0.331017680412701,0.195218101859687,-0.0939680526206217,"Stable"
"Parabuteo unicinctus",83,-0.0150922583233052,-0.069730306053459,0.0395457894068486,-0.0277488671712169,"Stable"
"Parkesia motacilla",83,0.00518512828391454,-0.0229362133040575,0.0333064698718866,-0.044444534288556,"Stable"
"Passer domesticus",83,-0.597773766546332,-0.771152651742869,-0.424394881349796,0.665040264962373,"Decreasing"
"Passerculus sandwichensis",83,NA,NA,NA,NA,NA
"Passerella iliaca",83,NA,NA,NA,NA,NA
"Passerina amoena",83,NA,NA,NA,NA,NA
"Passerina caerulea",83,0.0128359406337744,-0.0226139966355283,0.048285877903077,-0.0179786562698521,"Stable"
"Passerina ciris",83,0.202517047733655,0.107404574848285,0.297629520619024,0.422791380369438,"Increasing"
"Passerina cyanea",83,-0.138136782992379,-0.199703688058623,-0.0765698779261353,0.449869339150654,"Decreasing"
"Passerina versicolor",83,-0.0441736863217012,-0.0961511766553415,0.007803804011939,0.0766940926077218,"Stable"
"Patagioenas fasciata",83,NA,NA,NA,NA,NA
"Patagioenas flavirostris",83,0.0427251732101633,-0.236819531083941,0.322269877504267,0.580831408776011,"Stable"
"Pelecanus erythrorhynchos",83,0.172632103688935,-0.549549669074162,0.894813876452032,-0.0432149297648941,"Stable"
"Pelecanus occidentalis",83,2.40380361211084,0.707507112771565,4.10010011145012,0.249271736007919,"Increasing"
"Perdix perdix",83,NA,NA,NA,NA,NA
"Petrochelidon fulva",83,-1.02807862013639,-1.367926916518,-0.688230323754772,0.603058386529242,"Decreasing"
"Petrochelidon pyrrhonota",83,-0.529031287605305,-1.74283736485725,0.684774789646638,-0.00769183643996607,"Stable"
"Peucaea aestivalis",83,-0.0225835591689254,-0.165286729128867,0.120119610791016,-0.217705510388432,"Stable"
"Peucaea botterii",83,-0.212394705174489,-0.349694510291566,-0.0750949000574117,0.268867341478605,"Decreasing"
"Peucaea cassinii",83,-0.188327316486161,-0.394416904676864,0.0177622717045419,0.0927914767187527,"Stable"
"Phainopepla nitens",83,0.0437725631768956,-0.0186807765716777,0.106225902925469,0.0418709506239721,"Stable"
"Phalaenoptilus nuttallii",83,-0.0547031688728443,-0.0941462393232211,-0.0152600984224674,0.223441530029642,"Decreasing"
"Phalaropus tricolor",83,-0.127988748241948,-1.54337052122725,1.28739302474336,-0.157223901710663,"Stable"
"Phasianus colchicus",83,-0.339851584436423,-0.626405617122403,-0.0532975517504441,0.166433050687133,"Decreasing"
"Pheucticus ludovicianus",83,NA,NA,NA,NA,NA
"Pheucticus melanocephalus",83,-0.131468110709989,-0.22922252917226,-0.033713692247718,0.211468530637992,"Decreasing"
"Pica hudsonia",83,NA,NA,NA,NA,NA
"Pipilo chlorurus",83,0,0,0,NA,"Stable"
"Pipilo erythrophthalmus",83,-0.00953259532595313,-0.0641125663163249,0.0450473756644186,-0.0921681332197946,"Stable"
"Pipilo maculatus",83,-0.0891411335132558,-0.249142168746601,0.0708599017200889,0.016420706213052,"Stable"
"Piranga flava",83,-0.0174205378973111,-0.0890054726595564,0.0541643968649342,-0.0384520713565335,"Stable"
"Piranga ludoviciana",83,-0.0763358778625832,-0.435166587941467,0.282494832216301,-0.0832367686469457,"Stable"
"Piranga olivacea",83,NA,NA,NA,NA,NA
"Piranga rubra",83,-0.0351985559566787,-0.0809578057810552,0.0105606938676978,0.0573292719614912,"Stable"
"Pitangus sulphuratus",83,0.000601684717207692,-0.0558417883196514,0.0570451577540668,-0.0416456581220717,"Stable"
"Platalea ajaja",83,-0.201012835940636,-0.500440107559637,0.0984144356783651,0.0354840137637299,"Stable"
"Plegadis chihi",83,-1.36286602486964,-1.96357436601924,-0.762157683720039,0.455643820574118,"Decreasing"
"Plegadis falcinellus",83,0.225663716814158,-0.89778137124128,1.3491088048696,-0.173488200589969,"Stable"
"Podiceps nigricollis",83,-0.150166852057842,-0.413355708429617,0.113022004313932,0.626251390433812,"Stable"
"Podilymbus podiceps",83,-0.0580625752105903,-0.2089781629499,0.0928530125287189,-0.0150007685711879,"Stable"
"Poecile atricapillus",83,NA,NA,NA,NA,NA
"Poecile carolinensis",83,-0.119885679903732,-0.224162105233044,-0.0156092545744192,0.156271862673891,"Decreasing"
"Poecile gambeli",83,NA,NA,NA,NA,NA
"Polioptila caerulea",83,0.0110308864821503,-0.0344144260822207,0.0564761990465213,-0.0308866603319424,"Stable"
"Polioptila melanura",83,-0.0597172081829119,-0.16700223865108,0.0475678222852564,0.0126291643351102,"Stable"
"Pooecetes gramineus",83,NA,NA,NA,NA,NA
"Porphyrio martinicus",83,0.0861428022048454,-0.00863792450436274,0.180923528914054,0.109953582199313,"Stable"
"Porzana carolina",83,NA,NA,NA,NA,NA
"Progne subis",83,-0.280385078219016,-0.442634082400769,-0.118136074037263,0.319191283095987,"Decreasing"
"Protonotaria citrea",83,0.00722021660649813,-0.0350692023264457,0.0495096355394419,-0.0363051196816435,"Stable"
"Psaltriparus minimus",83,-0.0320898515844371,-0.104055309530165,0.0398756063612908,-0.00615922369633459,"Stable"
"Pyrocephalus rubinus",83,-0.0149418371440035,-0.0475590268715122,0.0176753525835053,-0.00426186602055578,"Stable"
"Quiscalus major",83,-0.0463297232250248,-0.977370626777411,0.884711180327361,-0.0412090674362622,"Stable"
"Quiscalus mexicanus",83,-0.783192940232657,-1.16903709586542,-0.397348784599893,0.398323037204507,"Decreasing"
"Quiscalus quiscula",83,-0.248094665062175,-0.375602614892785,-0.120586715231564,0.37696854460892,"Decreasing"
"Rallus crepitans",83,0.138318607068607,0.0214663361228205,0.255170878014393,0.195302919612469,"Increasing"
"Rallus elegans",83,0.0259878378009878,-0.0232216764743136,0.0751973520762892,0.00860005852722112,"Stable"
"Rallus limicola",83,NA,NA,NA,NA,NA
"Recurvirostra americana",83,-0.162705575611713,-0.443669877901843,0.118258726678417,0.016851048134898,"Stable"
"Regulus satrapa",83,NA,NA,NA,NA,NA
"Rhynchophanes mccownii",83,NA,NA,NA,NA,NA
"Riparia riparia",83,-0.498768239530026,-1.08926693366995,0.0917304546098967,0.107840627140462,"Stable"
"Rynchops niger",83,1.03969471360694,-0.658040584512109,2.73743001172598,0.0292100654188825,"Stable"
"Salpinctes obsoletus",83,-0.0135379061371838,-0.0566489354256477,0.0295731231512802,-0.0237488497203948,"Stable"
"Sayornis nigricans",83,0.0145677823260311,-0.0457732093096498,0.074908773961712,-0.0548498897492828,"Stable"
"Sayornis phoebe",83,-0.0783192940232659,-0.127894111041712,-0.0287444770048193,0.278112550356393,"Decreasing"
"Sayornis saya",83,-0.0244183714400323,-0.0471586355601705,-0.00167810731989414,0.135293852549044,"Stable"
"Scolopax minor",83,NA,NA,NA,NA,NA
"Seiurus aurocapilla",83,NA,NA,NA,NA,NA
"Selasphorus platycercus",83,-0.0413385826771654,-0.128068846528626,0.0453916811742949,0.245406824146982,"Stable"
"Setophaga americana",83,-0.0155936622543123,-0.0515342909625656,0.0203469664539411,-0.00798868777020045,"Stable"
"Setophaga cerulea",83,NA,NA,NA,NA,NA
"Setophaga chrysoparia",83,-0.126271561256087,-0.478749429544154,0.22620630703198,-0.0198667718886389,"Stable"
"Setophaga citrina",83,0.00982751704773484,-0.166218725209693,0.185873759305163,-0.0410908447704847,"Stable"
"Setophaga coronata audoboni",83,0.500000000000071,-3.16796536240597,4.16796536240611,0.499999999999787,"Stable"
"Setophaga coronata coronata",83,NA,NA,NA,NA,NA
"Setophaga discolor",83,0.0251203369434414,-0.0157189766220748,0.0659596505089576,0.0238817125451251,"Stable"
"Setophaga dominica",83,-0.00195547533092646,-0.0482111762138153,0.0443002255519624,-0.0413363498877941,"Stable"
"Setophaga graciae",83,NA,NA,NA,NA,NA
"Setophaga nigrescens",83,NA,NA,NA,NA,NA
"Setophaga pensylvanica",83,NA,NA,NA,NA,NA
"Setophaga petechia",83,NA,NA,NA,NA,NA
"Setophaga pinus",83,-0.594163658243083,-0.79125915905346,-0.397068157432705,0.601346454185344,"Decreasing"
"Setophaga pitiayumi",83,-0.0274122807017544,-0.0654047718849581,0.0105802104814493,0.192803437164339,"Stable"
"Setophaga ruticilla",83,-0.0325581395348878,-0.162230015347917,0.0971137362781416,-0.079753761969896,"Stable"
"Setophaga virens",83,NA,NA,NA,NA,NA
"Sialia currucoides",83,NA,NA,NA,NA,NA
"Sialia mexicana",83,0.0892018779342746,-0.494157688391396,0.672561444259945,-0.140066106654875,"Stable"
"Sialia sialis",83,-0.0304853590052152,-0.124819516078771,0.0638487980683409,-0.0227099714907839,"Stable"
"Sitta canadensis",83,NA,NA,NA,NA,NA
"Sitta carolinensis",83,-0.0626253509827516,-0.108286314398984,-0.0169643875665191,0.21906354459152,"Decreasing"
"Sitta pusilla",83,-0.0103289209787406,-0.0512724288494315,0.0306145868919504,-0.0300319459666418,"Stable"
"Sitta pygmaea",83,NA,NA,NA,NA,NA
"Spatula clypeata",83,0.137132173630305,-0.0321803673459678,0.306444714606577,0.0907123743426859,"Stable"
"Spatula cyanoptera",83,0.0024225023552106,-0.123257548074166,0.128102552784587,-0.0554593977322637,"Stable"
"Spatula discors",83,0.0567589249899723,-0.116206472919259,0.229724322899203,-0.0221312806818423,"Stable"
"Sphyrapicus nuchalis",83,NA,NA,NA,NA,NA
"Sphyrapicus thyroideus",83,NA,NA,NA,NA,NA
"Spinus pinus",83,NA,NA,NA,NA,NA
"Spinus psaltria",83,0.052045728038508,-0.0898340963976568,0.193925552474673,-0.0173685477367718,"Stable"
"Spinus tristis",83,NA,NA,NA,NA,NA
"Spiza americana",83,0.0199558764540741,-0.312235569754194,0.352147322662342,-0.0409998892827275,"Stable"
"Spizella atrogularis",83,-0.245799816719261,-0.497449096549601,0.00584946311107856,0.118886244306768,"Stable"
"Spizella breweri",83,NA,NA,NA,NA,NA
"Spizella pallida",83,NA,NA,NA,NA,NA
"Spizella passerina",83,-0.00942639390292857,-0.0963090032263939,0.0774562154205368,-0.039494899443933,"Stable"
"Spizella pusilla",83,0.0286301644604893,-0.0576059874724883,0.114866316393467,-0.0216795971403814,"Stable"
"Stelgidopteryx serripennis",83,-0.0829823505816307,-0.407100547089817,0.241135845926555,-0.0296872566176973,"Stable"
"Sterna forsteri",83,-0.101985559566783,-0.465454741463616,0.261483622330051,-0.0273114496374616,"Stable"
"Sterna hirundo",83,0.502242152466374,-1.86630947168717,2.87079377661991,0.757847533632297,"Stable"
"Sternula antillarum",83,0.142900120336944,-0.057898585298361,0.343698825972248,0.0442455917882338,"Stable"
"Streptopelia decaocto",83,0.121089049338146,0.0168887517243933,0.225289346951899,0.159731442253181,"Increasing"
"Streptopelia roseogrisea",83,NA,NA,NA,NA,NA
"Strix varia",83,-0.00110308864821524,-0.0297904420622984,0.0275842647658679,-0.0413933789385053,"Stable"
"Sturnella lilianae",83,NA,NA,NA,NA,NA
"Sturnella magna",83,-0.416516245487366,-0.606457124181202,-0.226575366793531,0.437993585759852,"Decreasing"
"Sturnella neglecta",83,-0.838598074608904,-1.84198903832845,0.164792889110645,0.0732293747233905,"Stable"
"Sturnus vulgaris",83,0.00330926594464443,-0.105065363989567,0.111683895878856,-0.0414943090653832,"Stable"
"Tachybaptus dominicus",83,0.0252878023541593,-0.333891385501054,0.384466990209372,-0.0650677128408366,"Stable"
"Tachycineta bicolor",83,0.00790969761885191,-0.0766248405290667,0.0924442357667706,-0.0795942035498758,"Stable"
"Tachycineta thalassina",83,-0.0211543849817834,-0.344900341699201,0.302591571735634,-0.0888616736680383,"Stable"
"Thalasseus maximus",83,0.543730130695868,0.124671289209397,0.962788972182338,0.222088491218281,"Increasing"
"Thalasseus sandvicensis",83,3.01485482781918,-10.4360325189777,16.4657421746161,-0.139661979214792,"Stable"
"Thryomanes bewickii",83,-0.102637384677096,-0.235124679293583,0.0298499099393902,0.0586095486989381,"Stable"
"Thryothorus ludovicianus",83,-0.172131969514643,-0.292185955453624,-0.0520779835756606,0.23680023907853,"Decreasing"
"Toxostoma bendirei",83,NA,NA,NA,NA,NA
"Toxostoma crissale",83,0.0134100146542426,-0.028728548754087,0.0555485780625722,-0.0251575694073176,"Stable"
"Toxostoma curvirostre",83,-0.0146911351784997,-0.0442523571105626,0.0148700867535631,0.00207827852947517,"Stable"
"Toxostoma longirostre",83,0.0454773365423185,-0.0214114815768867,0.112366154661524,0.0373160697071894,"Stable"
"Toxostoma rufum",83,0.0170978740473324,-0.00789125802652386,0.0420870061211886,0.0382452720688081,"Stable"
"Tringa semipalmata",83,-0.0148916967509047,-0.28321162357305,0.253428230071241,-0.041097500111313,"Stable"
"Troglodytes aedon",83,-0.0835883395071681,-0.138236361624197,-0.0289403173901396,0.329255189486547,"Decreasing"
"Turdus grayi",83,NA,NA,NA,NA,NA
"Turdus migratorius",83,0.040363016446049,0.00152371571006349,0.0792023171820345,0.125888140671768,"Increasing"
"Tympanuchus cupido",83,NA,NA,NA,NA,NA
"Tympanuchus pallidicinctus",83,-0.246963562753036,-0.764690068553311,0.270762943047239,0.0228012310516895,"Stable"
"Tympanuchus phasianellus",83,NA,NA,NA,NA,NA
"Tyrannus couchii",83,-0.0184516646610516,-0.0898738925977547,0.0529705632756516,-0.0294716009424081,"Stable"
"Tyrannus forficatus",83,-0.331478138788609,-0.385058723239738,-0.27789755433748,0.866332693388478,"Decreasing"
"Tyrannus melancholicus",83,0.127290448343084,0.0417529707030206,0.212827925983148,0.422550850179968,"Increasing"
"Tyrannus tyrannus",83,-0.0875451263537909,-0.119556286754619,-0.055533965952963,0.552447880183917,"Decreasing"
"Tyrannus verticalis",83,0.168922984356196,-0.0564073106416842,0.394253279354077,0.0528132278627808,"Stable"
"Tyrannus vociferans",83,-0.210489370236666,-0.441069826097878,0.0200910856245469,0.0925492089915563,"Stable"
"Tyto alba",83,-0.0250430485887535,-0.0648208847791552,0.0147347876016481,0.0314422113104331,"Stable"
"Vermivora cyanoptera",83,NA,NA,NA,NA,NA
"Vireo atricapilla",83,0.168572001604493,0.0846576088769292,0.252486394332057,0.393055864471577,"Increasing"
"Vireo bellii",83,-0.0919073405535501,-0.21024272853369,0.0264280474265899,0.059071323212457,"Stable"
"Vireo flavifrons",83,0.00787204171680687,-0.0260448106045403,0.0417888940381541,-0.0318014802878461,"Stable"
"Vireo gilvus",83,0.0340057636887607,-0.0290484954279004,0.0970600228054218,0.0220344747346379,"Stable"
"Vireo griseus",83,-0.027376654632972,-0.115647574614194,0.0608942653482498,-0.0241815770288198,"Stable"
"Vireo huttoni",83,0.0798274002157498,-0.0277319781489148,0.187386778580414,0.206338578283674,"Stable"
"Vireo olivaceus",83,-0.296831127156038,-0.385062083176348,-0.208600171135728,0.65379633388889,"Decreasing"
"Vireo plumbeus",83,NA,NA,NA,NA,NA
"Vireo vicinior",83,0.0036678299266433,-0.0673118338919534,0.07464749374524,-0.0519839079676936,"Stable"
"Xanthocephalus xanthocephalus",83,0.110420979986199,-0.0931967952589894,0.314038755231387,0.0185672261894818,"Stable"
"Zenaida asiatica",83,-0.0259225832330535,-0.147999030587902,0.0961538641217947,-0.0333962927456748,"Stable"
"Zenaida macroura",83,-0.330625752105896,-0.637526898455967,-0.0237246057558247,0.136254489301474,"Decreasing"
"Zonotrichia leucophrys",83,NA,NA,NA,NA,NA
